,City,Country,Max Temp,Humidity,Cloudiness,Wind Speed,Lat,Lng
0,Cape Town,ZA,66.2,77,20,14.99,-33.93,18.42
1,Pitangui,BR,80.59,58,64,4.47,-19.68,-44.89
2,Saint-Francois,FR,57.2,44,0,18.34,46.42,3.91
3,Longyearbyen,NO,10.4,60,0,20.8,78.22,15.63
4,Ushuaia,AR,48.2,93,75,4.7,-54.81,-68.31
5,Abnub,EG,73.4,28,0,14.99,27.27,31.15
6,Dikson,RU,-6.78,75,20,5.53,73.51,80.55
7,Niquero,CU,78.92,94,0,7.49,20.04,-77.58
8,Quatre Cocos,MU,80.6,83,75,6.93,-20.21,57.76
9,Bambous Virieux,MU,80.6,83,75,6.93,-20.34,57.76
10,Manicore,BR,84.28,75,8,2.35,-5.81,-61.3
11,Castro,CL,84.2,66,75,4.18,-42.48,-73.76
12,Narsaq,GL,30.12,81,36,5.86,60.91,-46.05
13,Qaanaaq,GL,2.85,84,0,6.53,77.48,-69.36
14,Berlevag,NO,30.2,74,75,24.16,70.86,29.09
15,Hermanus,ZA,65.85,89,64,4.63,-34.42,19.24
16,Kutum,SD,61.73,16,0,9.17,14.2,24.66
17,Victoria,BN,78.8,88,75,1.12,5.28,115.24
18,Arraial do Cabo,BR,89.6,66,75,3.36,-22.97,-42.02
19,Bay Roberts,CA,39.2,51,20,35.57,47.58,-53.28
20,West Bay,GB,51.8,93,40,10.29,50.71,-2.76
21,Mezen,RU,30.59,79,92,12.3,65.85,44.24
22,Bathsheba,BB,84.2,70,20,16.11,13.22,-59.52
23,Port Elizabeth,US,46.4,70,90,6.93,39.31,-74.98
24,Bredasdorp,ZA,66.2,82,80,1.12,-34.53,20.04
25,Malartic,CA,30.2,42,75,12.75,48.14,-78.13
26,Jaypur,IN,64.88,84,0,2.8,23.05,87.44
27,Mar del Plata,AR,75.32,41,64,26.96,-46.43,-67.52
28,Jamestown,AU,45.42,90,0,4.18,-33.21,138.6
29,Valparaiso,US,42.8,33,90,11.41,41.47,-87.06
30,Albany,US,44.6,36,40,6.93,42.65,-73.75
31,Hofn,IS,30.03,100,80,9.1,64.25,-15.21
32,Caravelas,BR,81.26,100,0,13.76,-17.73,-39.27
33,Mafra,PT,59,87,75,14.99,38.94,-9.33
34,Ponta do Sol,BR,71.81,91,44,3.36,-20.63,-46
35,Port Alfred,ZA,71.23,89,64,10.4,-33.59,26.89
36,Saint-Pierre,FR,57.2,76,0,5.82,48.95,4.24
37,Sisimiut,GL,24.02,87,0,2.13,66.94,-53.67
38,Maragogi,BR,77.71,95,56,6.38,-9.01,-35.22
39,Georgetown,GY,77,94,75,3.36,6.8,-58.16
40,Belyy Yar,RU,21.2,67,68,4.47,53.6,91.39
41,Mangan,IN,26.14,80,12,1.68,27.5,88.54
42,Aleksandrov Gay,RU,34.73,87,0,12.64,50.14,48.57
43,Mahajanga,MG,77,94,75,2.24,-15.72,46.32
44,Pimentel,BR,86.19,77,64,4.18,-3.7,-45.5
45,Kruisfontein,ZA,70.17,90,44,17.72,-34,24.73
46,Bonavista,CA,35.25,80,8,20.74,48.65,-53.11
47,Grand Gaube,MU,80.6,83,75,6.93,-20.01,57.66
48,Sao Filipe,CV,69.65,98,20,18.01,14.9,-24.5
49,Vilhena,BR,82.4,65,75,6.93,-12.74,-60.15
50,Puerto Berrio,CO,84.5,71,76,3.36,6.49,-74.4
51,Weston,US,39.2,69,90,1.9,41.2,-73.38
52,Hithadhoo,MV,85.11,100,76,9.1,-0.6,73.08
53,Imbituba,BR,78.8,83,75,9.17,-28.24,-48.67
54,Ribeira Grande,PT,59,67,20,24.16,38.52,-28.7
55,Carnarvon,ZA,65.49,71,44,7.2,-30.97,22.13
56,Carutapera,BR,80.99,86,80,7.38,-1.2,-46.02
57,Upernavik,GL,23.19,93,8,13.13,72.79,-56.15
58,Touros,BR,85.02,77,64,12.91,-5.2,-35.46
59,Vagur,FO,37.48,100,36,16.33,61.47,-6.81
60,Kanata,CA,41,55,75,5.82,45.32,-75.9
61,Monte Alegre,BR,80,87,80,2.01,-2,-54.07
62,Watsa,CD,67.4,97,32,2.8,3.04,29.53
63,Saint Anthony,US,46.4,52,90,27.51,43.97,-111.68
64,Yar-Sale,RU,1.05,73,56,15.26,66.83,70.83
65,Cap Malheureux,MU,80.6,83,75,6.93,-19.98,57.61
66,Cidreira,BR,70.17,100,88,9.66,-30.17,-50.22
67,Nguruka,TZ,66.01,100,64,2.8,-5.11,31.04
68,Souillac,FR,60.8,63,0,9.17,45.6,-0.6
69,Kozluk,TR,51.8,71,75,8.05,38.17,41.5
70,Muros,ES,51.8,87,75,16.11,42.77,-9.06
71,Zyryanskoye,RU,24.79,90,76,10.74,56.83,86.62
72,Bilma,NE,68.66,30,0,6.6,18.69,12.92
73,Dawlatabad,AF,50.03,79,12,2.68,36.41,64.91
74,Torbay,CA,39.2,51,20,35.57,47.66,-52.73
75,Xuddur,SO,68.21,95,32,4.03,4.12,43.89
76,Ondo,NG,77.53,81,8,4.47,7.1,4.83
77,Vardo,US,48.2,65,90,9.17,39.62,-77.74
78,Scarborough,GB,46.4,100,88,4.7,54.28,-0.41
79,Hun,BE,53.6,76,20,13.87,50.34,4.87
80,Las Tablas,PA,88.96,45,20,12.08,7.77,-80.28
81,Annau,TM,53.6,58,75,6.93,37.89,58.52
82,Vestmannaeyjar,IS,33.8,100,90,17.22,63.44,-20.27
83,Pozo Colorado,PY,80.86,62,92,8.95,-23.49,-58.8
84,Coihaique,CL,66.2,59,75,4.7,-45.58,-72.07
85,Nizwa,OM,63.71,53,0,2.8,22.93,57.53
86,Kakhi,AZ,53.6,76,40,4.7,41.42,46.93
87,Saint-Philippe,CA,41,41,75,17.22,45.36,-73.48
88,Sinnamary,GF,79.71,100,92,5.86,5.38,-52.96
89,Comodoro Rivadavia,AR,80.6,36,40,26.4,-45.87,-67.48
90,Chuy,UY,73.59,88,68,11.56,-33.69,-53.46
91,Vila do Maio,CV,71.6,60,20,23.04,15.13,-23.22
92,Paris,FR,53.6,81,0,5.82,48.86,2.35
93,Moose Factory,CA,8.6,65,90,12.75,51.26,-80.61
94,Kambove,CD,65.11,86,48,5.37,-10.88,26.6
95,Hammerfest,NO,30.2,73,0,11.41,70.66,23.68
96,Rocha,UY,66.86,88,92,9.95,-34.48,-54.34
97,Harper,US,78.8,54,75,11.41,30.3,-99.24
98,Paita,PE,86,51,0,13.87,-5.09,-81.11
99,Ovalle,CL,64.7,86,56,3.91,-30.6,-71.2
100,Mitsamiouli,KM,82.4,78,75,5.59,-11.38,43.28
101,Sioux Lookout,CA,10.4,32,20,2.24,50.1,-91.92
102,Luau,CD,65.51,94,44,2.24,-10.7,22.23
103,Mitu,IR,42.38,56,0,4.59,36.2,46.09
104,Salalah,OM,80.6,83,20,4.7,17.01,54.1
105,Belmonte,PT,49.67,97,92,7.38,40.36,-7.35
106,Soyo,AO,78.47,96,88,4.7,-6.13,12.37
107,Senneterre,CA,30.2,42,75,12.75,48.39,-77.24
108,Lekoni,GA,69.61,98,76,3.58,-1.58,14.26
109,East London,ZA,74.56,100,88,14.09,-33.02,27.91
110,Mahibadhoo,MV,84.48,100,76,3.62,3.78,72.97
111,Praia da Vitoria,PT,62.6,67,40,31.65,38.73,-27.07
112,Chaman,AF,56.78,39,0,5.7,30.92,66.46
113,Surab,PK,58.09,51,64,1.9,28.49,66.26
114,Porto Novo,BR,80.6,65,75,8.05,-23.68,-45.44
115,Malanje,AO,67.09,96,68,2.91,-9.54,16.35
116,Consett,GB,41,100,75,13.87,54.85,-1.83
117,Saint-Augustin,FR,60.8,67,0,9.17,44.83,-0.61
118,Mahebourg,MU,80.6,83,75,6.93,-20.41,57.7
119,Maceio,BR,82.4,69,40,10.29,-9.67,-35.74
120,Saint-Georges,CA,31.85,52,64,7.16,46.12,-70.67
121,Almeirim,PT,59,87,75,14.99,39.21,-8.63
122,Khandbari,NP,34.19,72,8,1.57,27.38,87.21
123,Henties Bay,NA,71,88,92,8.05,-22.12,14.28
124,Hualmay,PE,74.33,69,24,4.14,-11.1,-77.61
125,Tabou,CI,82.7,97,12,13.98,4.42,-7.36
126,Adrar,DZ,78.8,19,40,11.41,27.87,-0.29
127,Porto Belo,BR,89.6,46,20,14.99,-27.15,-48.54
128,Ilulissat,GL,24.8,58,20,3.62,69.22,-51.1
129,Kurtalan,TR,51.8,71,75,8.05,37.93,41.7
130,Taylorville,US,42.8,80,90,10.29,39.55,-89.29
131,Grindavik,IS,33.8,100,90,16.11,63.84,-22.43
132,Kovylkino,RU,35.23,92,68,18.57,54.04,43.91
133,Punta Arenas,CL,51.8,87,90,13.87,-53.16,-70.91
134,Tasiilaq,GL,24.8,79,0,5.82,65.61,-37.64
135,Ouadda,CF,73.16,67,20,3.58,8.07,22.4
136,Mount Pleasant,US,73.4,72,1,3.58,33.16,-94.97
137,Busselton,AU,70.44,95,20,8.66,-33.64,115.35
138,Ancud,CL,84.2,66,75,3.96,-41.87,-73.83
139,Gorakhpur,IN,72.13,71,8,10.29,26.76,83.37
140,Codrington,AU,60.99,92,12,1.83,-28.95,153.24
141,Karasburg,NA,61.78,95,88,3.02,-28.01,18.75
142,Khirkiya,IN,79.19,28,64,3.58,22.17,76.86
143,Sawakin,SD,78.8,57,0,4.7,19.1,37.33
144,Luderitz,NA,66.2,72,80,11.41,-26.65,15.16
145,Bahraich,IN,78.29,54,64,8.39,27.58,81.6
146,Kyzyl-Suu,KG,34.69,100,92,0.78,42.34,78
147,Cayenne,GF,84.2,79,76,14.99,4.94,-52.33
148,Robertsport,LR,81.35,100,0,9.84,6.75,-11.37
149,Jalu,LY,73.23,25,92,10,29.03,21.55
150,Sovetskiy,RU,32.08,92,64,14.99,56.76,48.47
151,Sohag,EG,67.4,53,32,6.93,26.55,31.7
152,Hambantota,LK,82.23,100,32,7.31,6.12,81.12
153,Badou,TG,75.95,86,48,2.57,7.58,0.61
154,Chicama,PE,69.8,83,75,10.29,-7.84,-79.15
155,Alta Floresta,BR,89.6,59,20,1.12,-9.87,-56.08
156,Benguela,AO,79.01,100,32,6.26,-12.58,13.4
157,Thinadhoo,MV,85.76,98,88,7.49,0.53,72.93
158,Grand-Lahou,CI,80.63,80,0,7.61,5.24,-5
159,Teguldet,RU,24.88,85,80,6.93,57.31,88.17
160,Nandrin,BE,53.6,58,20,16.11,50.51,5.42
161,Bereda,ES,57.2,76,40,19.46,43.27,-7.54
162,Pergamino,AR,73.61,63,24,5.59,-33.9,-60.57
163,West Mifflin,US,39.2,64,90,2.68,40.36,-79.87
164,Artvin,TR,50,93,90,18.34,41.18,41.83
165,Kouroussa,GN,78.65,68,20,2.24,10.65,-9.88
166,Araouane,ML,79.37,18,0,5.7,18.9,-3.53
167,Salinopolis,BR,78.47,100,92,12.97,-0.61,-47.36
168,Ayagoz,KZ,24.38,85,88,3.13,47.96,80.43
169,Richards Bay,ZA,76.81,78,48,11.18,-28.77,32.06
170,Kuminskiy,RU,23.66,92,76,5.03,58.67,66.57
171,Carbonia,IT,59,72,0,14.99,39.17,8.53
172,Saldanha,PT,54.69,62,92,14.58,41.42,-6.55
173,Ambilobe,MG,71,91,12,4.36,-13.19,49.05
174,Clyde River,CA,12.2,85,90,18.34,70.47,-68.59
175,Sao Joao da Barra,BR,89.6,55,20,4.7,-21.64,-41.05
176,Roanoke,US,60.8,59,90,8.05,37.27,-79.94
177,Georgiyevskoye,RU,45.44,95,88,7.72,44.16,39.25
178,Mizan Teferi,ET,58.36,91,0,2.35,6.99,35.58
179,Tefe,BR,86.39,77,12,3.91,-3.35,-64.71
180,Shache,CN,49.22,57,20,4.36,38.42,77.24
181,Margate,AU,57.2,67,75,8.05,-43.03,147.26
182,Namibe,AO,79.62,100,8,8.99,-15.19,12.15
183,Roscommon,IE,37.4,93,90,10.29,53.63,-8.19
184,Aquiraz,BR,80.6,78,75,12.75,-3.9,-38.39
185,Talnakh,RU,-10.38,70,48,5.64,69.49,88.39
186,Algiers,US,78.8,65,75,6.93,29.94,-90.04
187,Touba,SN,86,45,0,6.93,14.86,-15.88
188,Cockburn Town,TC,76.4,100,76,10.63,21.46,-71.14
189,San Cosme y Damian,PY,82.4,54,40,9.17,-27.32,-56.35
190,La Rioja,AR,74.96,65,32,3.36,-29.41,-66.86
191,Kanadey,RU,33.43,94,24,13.2,53.17,47.53
192,Takoradi,GH,81.94,95,32,7.94,4.89,-1.75
193,Antofagasta,CL,69.8,56,0,12.75,-23.65,-70.4
194,Susangerd,IR,69.8,28,0,2.24,31.56,48.19
195,Nantucket,US,37.4,100,90,6.93,41.28,-70.1
196,Labytnangi,RU,-3.34,64,20,10.29,66.66,66.39
197,Kisanga,CD,64.93,86,32,4.81,-11.72,27.4
198,Manacor,ES,60.8,72,0,4.59,39.57,3.21
199,Kajaani,FI,26.6,92,75,9.17,64.22,27.73
200,Maltahohe,NA,62.68,80,92,4.36,-24.83,16.98
201,Irbit,RU,13.58,65,0,5.82,57.67,63.06
202,Abalak,NE,76.76,26,0,7.38,15.46,6.28
203,Kulhudhuffushi,MV,83.42,100,44,3.36,6.62,73.07
204,Ekibastuz,KZ,20.24,91,68,8.72,51.72,75.32
205,Santa Marta,CO,91.4,59,40,18.34,11.24,-74.21
206,Puerto Leguizamo,CO,83.11,80,44,2.57,-0.19,-74.78
207,Kindu,CD,76.85,84,44,3.24,-2.95,25.92
208,Bulaevo,KZ,18.44,76,8,8.16,54.91,70.44
209,Waterloo,CA,41,38,1,10.29,43.47,-80.52
210,Weymouth,US,41,82,90,5.82,42.22,-70.94
211,Chapais,CA,26.6,42,40,17.22,49.78,-74.86
212,Ciudad Bolivar,VE,96.16,31,0,12.86,8.12,-63.55
213,Santiago del Estero,AR,75.28,77,64,2.8,-27.8,-64.26
214,Ferme-Neuve,CA,33.16,47,32,8.5,46.7,-75.45
215,Oranjemund,ZA,63.06,97,92,11.68,-28.55,16.43
216,Husavik,CA,6.81,100,0,9.66,50.56,-96.99
217,Nanortalik,GL,34.89,100,56,28.01,60.14,-45.24
218,Rio Gallegos,AR,62.6,72,75,6.93,-51.62,-69.22
219,Itarema,BR,79.73,90,44,6.49,-2.92,-39.92
220,Capitan Bado,PY,77.21,77,68,3.13,-23.27,-55.53
221,Lakota,US,15.8,66,1,17.22,48.04,-98.34
222,Hobyo,SO,81.15,84,24,6.42,5.35,48.53
223,Shelburne,CA,42.8,41,1,11.41,44.08,-80.2
224,Gasa,BT,-4.33,36,0,1.79,27.91,89.73
225,Raichur,IN,77.89,69,0,9.51,16.2,77.36
226,Saint George,GR,53.6,71,20,2.91,39.45,22.34
227,Vila Franca do Campo,PT,59,67,20,21.92,37.72,-25.43
228,Maniitsoq,GL,27.08,75,0,4.25,65.42,-52.9
229,Nuuk,GL,42.8,35,20,5.82,64.17,-51.74
230,Santana do Livramento,BR,77.71,61,24,4.59,-30.89,-55.53
231,Blonie,PL,37.4,74,0,3.36,52.2,20.62
232,Bialystok,PL,32.08,86,0,12.64,53.13,23.15
233,Olinda,EC,86,62,75,6.93,-2.03,-79.75
234,Pangnirtung,CA,37.4,47,75,21.92,66.15,-65.72
235,Sucha Beskidzka,PL,39.2,69,40,1.12,49.74,19.59
236,Felipe Carrillo Puerto,MX,82.97,61,64,8.16,19.58,-88.05
237,Birao,CF,75.77,27,0,9.73,10.3,22.78
238,Elat,CM,69.74,99,68,2.01,2.91,11.16
239,Brigantine,US,42.8,75,90,11.41,39.41,-74.36
240,Marawi,PH,64.05,94,8,2.62,8,124.29
241,Karasjok,NO,19.4,85,40,2.24,69.47,25.52
242,Raudeberg,NO,35.6,64,0,5.82,61.99,5.14
243,Lillehammer,NO,12.5,72,0,1.9,61.11,10.47
244,Damara,CF,80.6,78,20,9.17,4.96,18.7
245,Bolobo,CD,75.95,100,88,3.91,-2.17,16.23
246,Aswan,EG,73.59,29,0,6.2,24.09,32.9
247,Shetpe,KZ,46.97,70,0,14.32,44.14,52.16
248,Kasama,ZM,63.49,93,56,4.25,-10.21,31.19
249,Biu,NG,75.59,34,0,4.7,10.61,12.19
250,Lebu,ET,60.27,55,24,7.09,8.96,38.73
251,Conde,BR,81.49,77,0,7.83,-11.81,-37.61
252,Maralal,KE,55.79,92,24,2.68,1.1,36.7
253,Havre-Saint-Pierre,CA,24.8,73,1,25.28,50.23,-63.6
254,Ostrovnoy,RU,23.46,89,80,13.02,68.05,39.51
255,Plettenberg Bay,ZA,66.68,92,92,7.61,-34.05,23.37
256,Shieli,KZ,41.98,58,0,16.22,44.18,66.74
257,Awbari,LY,72.31,21,8,10.51,26.59,12.77
258,Turbat,PK,67.76,89,0,3.36,26,63.05
259,Mansa,IN,78.8,41,0,8.72,23.43,72.66
260,Amapa,HN,84.2,58,20,9.17,15.09,-87.97
261,Kolyvan,RU,24.8,85,75,11.18,55.31,82.74
262,Oswego,US,42.8,93,90,8.05,37.17,-95.11
263,Emba,CY,62.6,82,20,5.82,34.81,32.42
264,Port-Gentil,GA,80.6,88,90,11.41,-0.72,8.78
265,Necochea,AR,69.81,79,8,5.64,-38.55,-58.74
266,Maykor,RU,24.65,91,68,9.73,59.01,55.89
267,Matagami,NG,75.32,57,24,3.58,9.67,8.4
268,Cururupu,BR,84.03,80,92,7.65,-1.82,-44.87
269,Iqaluit,CA,32,92,75,29.97,63.75,-68.52
270,Simoes,BR,77.26,84,0,5.14,-7.6,-40.82
271,El Alto,BO,60.8,25,40,9.17,-16.5,-68.19
272,Taltal,CL,67.11,71,0,3.18,-25.41,-70.49
273,Westport,IE,37.4,93,90,10.29,53.8,-9.52
274,Tullow,IE,44.6,100,90,9.62,52.8,-6.74
275,Esil,KZ,24.43,91,76,2.91,51.96,66.41
276,Chililabombwe,ZM,65.74,86,48,4.81,-12.37,27.84
277,Kangaatsiaq,GL,23.66,100,44,2.68,68.31,-53.46
278,Anzio,IT,55.4,76,0,5.82,41.45,12.63
279,Chanasma,IN,72.89,39,0,3.91,23.72,72.11
280,Vila Velha,BR,80.6,78,75,12.75,-3.71,-38.6
281,Kavaratti,IN,84.12,100,0,6.98,10.57,72.64
282,Porbandar,IN,72.31,84,8,7.94,21.64,69.61
283,Remanso,BR,83.33,81,0,2.57,-9.62,-42.08
284,Yenotayevka,RU,44,70,32,19.46,47.24,47.04
285,Vorukh,KG,32.53,96,80,1.34,39.85,70.57
286,Walvis Bay,NA,64.4,88,92,5.82,-22.95,14.51
287,Zonguldak,TR,46.43,76,80,7.83,41.25,31.83
288,Monte Azul,BR,76.49,59,0,3.69,-15.15,-42.87
289,Quelimane,MZ,78.8,83,20,2.24,-17.88,36.89
290,Gat,SN,86,45,0,6.93,14.69,-16.54
291,Hamilton,BM,69.8,77,75,6.93,32.3,-64.78
292,Conakry,GN,82.4,69,0,6.93,9.52,-13.7
293,Morant Bay,JM,84.2,62,20,16.11,17.88,-76.41
294,Loanda,BR,78.79,80,68,3.47,-22.93,-53.14
295,Abu Samrah,SY,51.56,45,0,3.24,35.3,37.18
296,Pedra Azul,BR,80.14,47,12,5.14,-16.01,-41.28
297,Tahoua,NE,78.02,26,0,8.72,14.89,5.26
298,Umba,RU,29.56,88,92,19.24,66.69,34.34
299,Jumla,NP,26.99,75,0,3.36,29.28,82.18
300,Barao de Melgaco,BR,86,66,75,5.82,-16.19,-55.97
301,Kyshtovka,RU,16.78,81,44,10.18,56.56,76.62
302,Derzhavinsk,KZ,18.13,57,64,2.91,51.1,66.31
303,Blyth,GB,41,100,75,13.87,55.12,-1.5
304,Aripuana,BR,82.61,83,32,2.24,-9.17,-60.63
305,Rosetta,EG,58.36,94,32,8.61,31.4,30.42
306,Bandarbeyla,SO,80.52,100,92,8.77,9.49,50.81
307,Handia,IN,68.75,69,0,2.68,25.36,82.19
308,Camopi,GF,73.48,100,92,2.68,3.17,-52.33
309,Sept-Iles,CA,26.6,21,20,11.41,50.2,-66.38
310,Valdivia,CL,68,60,0,3.36,-39.81,-73.25
311,Atasu,KZ,20.42,88,0,8.61,48.68,71.64
312,Mehamn,NO,30.2,74,75,24.16,71.03,27.85
313,Mandera,ET,74.29,91,44,4.59,3.94,41.86
314,Isla Mujeres,MX,82.4,61,40,14.99,21.23,-86.73
315,Lupiro,TZ,70.96,98,92,2.13,-8.39,36.67
316,Porangatu,BR,83.11,65,48,3.13,-13.44,-49.14
317,Moen,NO,21.2,73,20,4.7,69.13,18.61
318,Gaoua,BF,84.23,47,44,2.8,10.33,-3.18
319,Yurga,RU,24.56,93,80,9.17,55.71,84.93
320,Baghdad,IQ,69.8,30,0,2.24,33.3,44.38
321,Coquimbo,CL,66.2,63,20,8.05,-29.95,-71.34
322,Farafangana,MG,77.84,100,92,2.35,-22.82,47.83
323,Dingle,PH,70.53,95,32,5.75,11,122.67
324,Mukhtolovo,RU,35.36,92,68,16.67,55.47,43.2
325,Chambas,CU,82.4,65,40,17.22,22.19,-78.91
326,Havelock,US,84.2,51,75,10.29,34.88,-76.9
327,Detmold,DE,53.6,50,75,11.41,51.94,8.88
328,Kudahuvadhoo,MV,83.04,100,32,5.08,2.67,72.89
329,Chilca,PE,69.8,28,40,5.82,-13.22,-72.34
330,Upington,ZA,75.2,57,68,10.29,-28.46,21.24
331,Kilindoni,TZ,81.08,100,92,10.63,-7.91,39.67
332,Lasa,CY,62.6,82,20,5.82,34.92,32.53
333,Paamiut,GL,34.98,86,12,16.49,61.99,-49.67
334,Skerries,IE,44.6,100,75,4.7,53.58,-6.11
335,Ardino,BG,55.4,35,12,10.29,41.58,25.13
336,Ribas do Rio Pardo,BR,76.99,80,68,4.25,-20.45,-53.76
337,Clarence Town,AU,71.6,83,90,14.99,-32.59,151.78
338,Kiruna,SE,15.8,72,0,6.93,67.86,20.23
339,Marsa Matruh,EG,56.87,78,56,5.59,31.35,27.25
340,Bahia Honda,CU,82.07,58,76,6.38,22.9,-83.16
341,General Roca,AR,83.11,30,0,11.97,-39.03,-67.58
342,Goderich,CA,36.76,65,8,8.84,43.74,-81.71
343,Mattru,SL,78.2,89,0,4.81,7.62,-11.83
344,Morondava,MG,81.98,82,80,5.59,-20.3,44.28
345,Dabra,IN,72.13,43,0,3.8,25.88,78.33
346,Boende,CD,76.49,93,68,1.68,-0.28,20.88
347,Mayumba,GA,75.91,100,92,2.8,-3.44,10.65
348,Gorey,SO,71.41,95,64,3.02,3.22,43.63
349,Geraldton,CA,8.6,39,40,5.82,49.72,-86.95
350,Americus,US,80.6,29,1,9.17,32.07,-84.23
351,Nokha,IN,75.95,37,64,9.17,27.56,73.47
352,Nouadhibou,MR,66.2,77,0,18.34,20.93,-17.03
353,Kaka,TM,37.66,100,0,2.57,37.35,59.62
354,Qeshm,IR,77,78,0,4.7,26.96,56.27
355,Sur,OM,79.96,84,0,2.46,22.57,59.53
356,Callaway,US,28.4,79,40,8.05,46.98,-95.91
357,Ravar,IR,51.61,72,0,1.79,31.27,56.81
358,Buraydah,SA,71.6,73,75,6.93,26.33,43.97
359,Sao Sebastiao,BR,82.4,83,20,6.93,-3.15,-58.36
360,Groningen,NL,48.2,76,92,9.17,53.22,6.57
361,Thompson,CA,5,38,20,5.82,55.74,-97.86
362,Qaqortoq,GL,36.06,84,20,20.07,60.72,-46.03
363,Laukaa,FI,28.4,92,90,11.41,62.42,25.95
364,Beloha,MG,76.49,81,36,14.2,-25.17,45.06
365,Canavieiras,BR,80.36,73,0,5.48,-15.68,-38.95
366,Brae,GB,37.4,86,0,5.82,60.4,-1.35
367,Mitzic,GA,72.17,96,68,1.79,0.78,11.55
368,Oktyabrskoye,RU,24.61,86,80,6.49,56.73,85.44
369,Bousse,FR,57.2,50,0,13.87,49.28,6.2
370,Sultanpur,IN,73.16,62,0,2.57,26.26,82.07
371,Faya,SA,55.4,76,40,10.29,18.39,42.45
372,Ginebra,CO,78.8,65,75,17.22,3.72,-76.27
373,Acari,BR,71.81,95,68,3.69,-6.44,-36.64
374,Kilifi,KE,82.4,78,20,4.7,-3.63,39.85
375,Doha,QA,78.8,27,0,4.7,25.29,51.53
376,Sindor,RU,28.52,80,88,10.96,62.87,51.9
377,Malindi,KE,79.82,95,44,8.95,-3.22,40.12
378,Vangaindrano,MG,72.49,100,92,2.8,-23.35,47.6
379,Leon,US,35.6,80,90,10.29,40.74,-93.75
380,Rudnichnyy,RU,13.76,69,44,2.35,59.7,60.29
381,Yamunanagar,IN,69.47,73,68,3.13,30.12,77.29
382,Ustye,RU,31.49,96,92,18.79,58.76,27.79
383,Iquique,CL,75.2,50,0,14.99,-20.22,-70.14
384,Bad Munstereifel,DE,53.6,50,75,6.93,50.55,6.77
385,Lagoa,PT,59,93,20,11.41,37.14,-8.45
386,Nusaybin,TR,48.64,49,68,3.91,37.08,41.21
387,Nandikotkur,IN,75.91,79,0,7.72,15.86,78.27
388,Koslan,RU,30.77,81,88,11.86,63.46,48.9
389,Klaksvik,FO,30.2,74,80,14.99,62.23,-6.59
390,Stephenville,US,48.2,87,90,4.7,32.22,-98.2
391,Dapaong,TG,84.41,27,0,6.15,10.86,0.2
392,George Town,MY,80.6,94,75,8.05,5.42,100.33
393,Keflavik,IS,32,100,90,16.11,64,-22.56
394,Rafraf,TN,62.6,63,20,13.87,37.19,10.18
395,Ordu,TR,39.19,94,48,1.9,40.98,37.88
396,Mangulile,HN,80.63,42,88,2.35,15.04,-86.82
397,Hirtshals,DK,32.75,88,44,6.38,57.59,9.96
398,Inirida,CO,80.99,88,32,2.46,3.87,-67.92
399,San Cristobal,EC,57.2,71,75,4.7,-0.39,-78.55
400,Viedma,AR,79.55,39,0,12.75,-40.81,-62.99
401,Sivakasi,IN,76.99,74,68,6.93,9.45,77.8
402,General Pico,AR,71.36,65,0,7.61,-35.66,-63.75
403,Larsnes,NO,32,79,0,2.24,62.2,5.58
404,Salcininkai,LT,33.8,80,75,14.99,54.3,25.38
405,Decatur,US,77,63,90,9.17,35.51,-84.79
406,Kamenka,RU,35.09,92,76,17.78,53.19,44.05
407,Bagotville,AU,72.35,100,88,6.6,-28.98,153.42
408,Zhanaozen,KZ,44.99,78,0,13.53,43.35,52.85
409,Ajdabiya,LY,59.3,65,0,8.72,30.75,20.22
410,Riyadh,SA,77,44,76,10.29,24.63,46.72
411,Gravdal,NO,33.8,86,0,3.36,59.79,5.78
412,Kautokeino,NO,17.81,91,88,5.37,69.01,23.04
413,Sambava,MG,77.98,100,92,10.4,-14.27,50.17
414,Ponta Delgada,PT,59,67,20,21.92,37.73,-25.67
415,Cabinda,AO,78.8,94,75,7.72,-5.56,12.19
416,Fecamp,FR,51.8,93,92,11.41,49.76,0.37
417,Hvide Sande,DK,39.2,94,92,4.7,56.01,8.13
418,Altay,CN,5.39,68,56,1.23,47.83,88.13
419,Zinder,NE,74.74,51,0,4.14,13.81,8.99
420,Laguna,MX,84.2,21,5,8.05,27.52,-110.01
421,Fernan-Nunez,ES,60.8,67,0,9.17,37.67,-4.73
422,Kalabo,ZM,76.04,52,44,6.82,-15,22.67
423,Nassau,DE,44.6,56,0,5.82,51.17,13.51
424,Sibiti,CG,75.14,94,80,3.8,-3.69,13.35
425,Dalvik,SE,30.2,42,0,5.82,57.79,14.13
426,Colquechaca,BO,54.71,59,0,1.68,-18.7,-66
427,Susehri,TR,35.14,100,88,2.24,40.16,38.09
428,Pauini,BR,87.29,69,24,3.91,-7.71,-67
429,Ballina,IE,37.4,93,90,10.29,54.11,-9.15
430,Kem,UG,65.29,95,68,2.57,2.68,33.77
431,Atar,MR,73.7,21,0,6.71,20.52,-13.05
432,Stokmarknes,NO,26.6,79,20,6.93,68.56,14.91
433,Ust-Ishim,RU,19.43,91,32,8.5,57.69,71.17
434,Tromso,NO,21.2,73,0,2.24,69.65,18.96
435,Yarada,IN,84.28,94,0,13.09,17.65,83.27
436,Skowhegan,US,39.2,41,90,8.05,44.77,-69.72
437,Bannu,PK,67.63,77,88,3.24,32.99,70.6
438,Santiago de las Vegas,CU,86,51,75,10.29,22.97,-82.39
439,Tostedt,DE,46.4,70,92,6.93,53.28,9.71
440,Carrollton,US,80.6,23,1,5.82,33.58,-85.08
441,San Ramon de la Nueva Oran,AR,69.43,93,92,8.39,-23.13,-64.33
442,Issia,CI,78.38,86,8,3.69,6.49,-6.58
443,Matara,PE,57.2,50,75,2.39,-13.74,-72.9
444,Natal,BR,84.2,74,20,11.3,-5.81,-35.21
445,Luba,PH,69.29,88,68,2.91,17.32,120.7
446,Port Said,EG,72.58,27,44,9.84,25.34,30.55
447,Analipsis,GR,57.2,76,20,10.63,35.32,25.57
448,Nador,MA,60.8,72,92,6.93,35.17,-2.93
449,Taoudenni,ML,93.75,13,0,7.2,22.68,-3.98
450,Bhagalpur,IN,64.43,66,0,3.8,25.25,86.98
451,Abha,SA,55.4,76,40,10.29,18.22,42.5
452,Wawa,NG,82.97,51,24,3.24,9.9,4.41
453,Ratnagiri,IN,79.24,100,0,10.74,16.98,73.3
454,Pisco,PE,78.8,57,0,4.7,-13.71,-76.2
455,Bani Walid,LY,56.69,44,0,8.95,31.76,14
456,Bhikhi,IN,75.19,64,76,9.4,30.11,75.7
457,Barreirinhas,BR,81.44,77,56,8.16,-2.75,-42.83
458,Santa Cruz del Norte,CU,86,51,75,10.29,23.15,-81.92
459,Agnibilekrou,CI,80.59,69,20,4.81,7.13,-3.2
460,Benghazi,LY,59,62,0,13.87,32.12,20.07
461,Ayna,ES,60.8,38,0,8.05,38.55,-2.07
462,Birjand,IR,62.6,25,44,3.69,32.86,59.22
463,Iralaya,HN,86,62,20,6.93,15,-83.23
464,Mzimba,MW,63.76,95,64,4.92,-11.9,33.6
465,Beyneu,KZ,40.36,62,0,16.11,45.32,55.19
466,Senador Guiomard,BR,89.6,52,40,8.05,-10.15,-67.74
467,Mosquera,CO,59,82,75,6.93,4.71,-74.23
468,Gobabis,NA,73.4,53,32,3.36,-22.45,18.97
469,Pemba,MZ,77,94,75,9.17,-12.97,40.52
470,Savalou,BJ,82.97,67,20,10.96,7.93,1.98
471,Talavera,PH,77,83,75,2.24,15.58,120.92
472,Palmares,BR,75.05,93,80,6.49,-8.68,-35.59
473,Ugoofaaru,MV,85.36,98,56,1.12,5.67,73
474,Boali,CF,80.6,78,20,9.17,4.81,18.11
475,Gamba,CN,4.09,79,20,1.12,28.28,88.52
476,Eenhana,NA,71.54,75,80,1.9,-17.48,16.34
477,Villa Rica,PE,71.09,93,92,1.9,-10.74,-75.27
478,Urengoy,RU,-3.34,76,44,14.99,65.96,78.37
479,Agadir,MA,60.8,82,40,10.29,30.42,-9.58
480,Bafoulabe,ML,85.09,61,0,2.35,13.81,-10.83
481,Rosoman,BG,48.2,84,0,8.05,42.76,23.08
482,Guisa,CU,86,51,75,13.87,20.25,-76.54
483,Karaidel,RU,21.59,81,8,4.81,55.83,56.91
484,Nyrob,RU,21.19,83,80,7.94,60.74,56.73
485,Presidencia Roque Saenz Pena,AR,80.86,69,56,4.36,-26.79,-60.44
486,Caicedo,CO,75.2,57,90,5.82,6.41,-75.98
487,Obo,CF,73.66,86,76,3.58,5.39,26.49
488,Neustadt,CH,53.6,66,75,4.7,47.05,8.31
489,Blagoyevo,RU,31.4,81,92,11.74,63.37,47.92
490,Samaipata,BO,70.64,76,76,3.69,-18.18,-63.88
491,The Valley,AI,82.4,58,20,10.29,18.22,-63.06
492,Los Llanos de Aridane,ES,66.2,72,20,6.93,28.66,-17.92
493,Soltsy,RU,35.86,96,88,9.4,58.12,30.32
494,Aguimes,ES,68,64,20,20.8,27.91,-15.45
495,Los Andes,CL,78.8,41,0,16.11,-32.83,-70.6
496,Sorland,NO,17.6,92,20,4.7,67.67,12.69
497,Parana,BR,80.6,83,75,5.82,-7.52,-72.89
498,Camocim,BR,79.1,89,24,6.38,-2.9,-40.84
499,Luanda,AO,82.4,69,20,6.93,-8.83,13.24
500,Semey,KZ,24.65,86,88,5.37,50.41,80.25
501,Sosva,RU,13.36,71,32,2.35,59.17,61.86
502,Zlobin,HR,51.8,81,0,3.36,45.29,14.65
503,Tanout,NE,76.49,14,0,10.85,14.97,8.88
504,Listowel,IE,46.4,100,75,5.82,52.45,-9.48
505,Whittlesea,AU,55.4,93,20,6.93,-37.51,145.12
506,Turayf,SA,69.8,70,0,6.93,31.68,38.65
507,Kalmunai,LK,71.99,100,8,2.8,7.42,81.82
508,Espinal,CO,75.2,88,75,4.7,4.15,-74.89
509,Beira,ES,55.4,82,40,18.34,43.2,-8.36
510,Tigzirt,DZ,64.93,42,48,3.8,36.57,4.2
511,Anuradhapura,LK,74.6,96,64,3.13,8.34,80.41
512,Le Port,FR,43.91,42,20,3.36,42.87,1.37
513,Gondar,PT,57.2,87,75,14.99,41.82,-8.78
514,Bereznik,RU,39.01,98,92,18.34,62.86,42.71
515,Bubaque,GW,87.8,55,0,10.29,11.28,-15.83
516,Gunjur,GM,73.4,60,0,12.75,13.18,-16.76
517,Tibati,CM,70.73,92,64,5.26,6.47,12.63
518,Khomeyn,IR,34.24,73,0,2.57,33.64,50.08
519,Lyuban,BY,35.81,86,48,18.12,52.8,28
520,Artyom,RU,37.4,100,75,4.47,43.36,132.19
521,Panjakent,UZ,51.8,71,40,9.17,39.5,67.61
522,Chapeltique,SV,96.8,28,20,4.7,13.64,-88.26
523,Fruitville,US,30.2,92,90,8.05,45.71,-94.08
524,Sao Felix do Xingu,BR,81.94,81,44,2.13,-6.64,-51.99
525,Magadi,IN,68,100,40,2.24,12.96,77.22
526,Lokosovo,RU,7.24,86,12,9.84,61.13,74.84
527,Kissimmee,US,86,51,20,10.29,28.29,-81.41
528,Mokrousovo,RU,13.58,70,0,4.59,55.81,66.77
529,Boundiali,CI,80.86,43,36,5.59,9.53,-6.48
530,Umm Lajj,SA,66.32,100,12,2.8,25.02,37.27
531,Quilmana,PE,70.73,72,20,3.36,-12.95,-76.38
532,Uray,RU,17.68,89,12,4.36,60.13,64.8
533,Manaure,CO,82.4,74,75,13.87,11.78,-72.45
534,Loviisa,FI,31.85,95,92,8.61,60.46,26.23
535,Bodden Town,KY,80.6,78,40,11.41,19.28,-81.25
536,Boden,SE,30.2,50,0,8.05,65.83,21.69
537,Nanga Eboko,CM,73.07,91,0,10.18,4.68,12.37
538,Guantanamo,BO,82.4,74,75,3.58,-16.14,-62.05
539,Chernogolovka,RU,35.6,93,75,15.66,56.01,38.38
540,Fasa,IR,59,24,0,1.9,28.94,53.65
541,Inongo,CD,75.28,95,88,2.68,-1.93,18.29
542,Boiro,ES,53.6,93,75,16.11,42.65,-8.89
543,Kumi,UG,61.91,98,56,2.46,1.49,33.93
544,Igrim,RU,3.91,64,0,2.57,63.19,64.42
545,Denizli,TR,48.2,66,40,4.7,37.77,29.09
546,Padang,ID,77.12,100,68,0.67,-0.92,100.36
547,Ust-Kan,RU,6.92,73,68,2.35,50.93,84.77
548,Verkhnyaya Balkariya,RU,30.19,95,88,1.01,43.13,43.46
549,Abonnema,NG,80.6,83,44,2.24,4.71,6.79
550,Fagernes,NO,1.48,62,0,2.8,60.99,9.24
551,Caluquembe,AO,59.84,90,48,2.57,-13.78,14.68
552,Puerto Narino,CO,78.8,88,75,9.17,-3.77,-70.38
553,Zanjan,IR,36.98,65,0,4.47,36.67,48.48
554,Nioro,GM,82.21,49,0,4.14,13.79,-15.05
555,Rivadavia,AR,72.04,63,8,3.47,-31.53,-68.59
556,Rzhev,RU,34.78,92,68,14.88,56.26,34.33
557,Durban,FR,57.2,93,0,2.24,43.54,0.58
558,Shar,NG,80.86,76,24,14.2,7.3,8.73
559,Talcahuano,CL,55.4,87,90,10.29,-36.72,-73.12
560,Esmeralda,CL,70.1,66,0,2.35,-34.33,-70.9
561,Pankovka,RU,36.08,93,64,14.54,58.5,31.2
562,Misratah,LY,57.95,91,0,10.96,32.38,15.09
563,Porosozero,RU,39.46,97,92,8.5,62.72,32.71
564,San Juan,AR,72.04,63,8,3.47,-31.54,-68.53
565,Ibra,OM,68.3,45,24,0.78,22.69,58.55
566,Kamina,CD,69.61,85,20,3.8,-8.74,25
567,Turinsk,RU,14.3,74,0,3.24,58.04,63.7
568,Calvinia,ZA,56.96,58,32,2.57,-31.47,19.78
569,San Pedro,AR,75.91,59,56,7.61,-33.68,-59.66
570,Wajir,KE,71.41,96,64,2.46,1.75,40.07
571,Peterborough,GB,50,93,88,13.87,52.57,-0.24
572,Tazovskiy,RU,-2.67,74,44,13.76,67.47,78.7
573,Tucuman,PE,69.47,45,0,4.36,-17.17,-70.89
574,Ibresi,RU,35.45,88,24,10.18,55.3,47.04
575,Tambovka,UA,44.45,96,64,13.76,46.93,35.45
576,Kataysk,RU,17.86,73,32,2.8,56.29,62.58
577,Murgab,TM,50,66,75,2.91,37.5,61.97
578,Paragominas,BR,80.14,85,76,3.47,-3,-47.35
579,Rundu,NA,71.68,37,12,9.17,-17.91,19.77
580,Kamakhyanagar,IN,66.59,90,0,2.68,20.93,85.54
581,Nizhniy Chir,RU,44.27,87,88,17,48.36,43.08
582,Mogadishu,SO,83.24,100,32,8.95,2.04,45.34
583,Koson,UZ,53.6,62,20,6.93,39.04,65.59
584,Marktredwitz,DE,46.4,61,20,6.04,50,12.09
585,Bethlehem,US,42.8,60,90,3.13,40.62,-75.38
586,Urumita,CO,93.2,44,40,12.75,10.56,-73.02
587,Skibotn,NO,21.2,73,0,2.24,69.39,20.27
588,San Carlos de Bariloche,AR,71.6,30,0,10.29,-41.13,-71.31
589,Sabzevar,IR,46.03,84,0,3.36,36.21,57.68
590,Najran,SA,73.07,24,92,5.37,17.54,44.22
591,Oranjestad,AW,84.2,74,20,17.22,12.52,-70.03
592,Sikeston,US,44.6,93,90,10.29,36.88,-89.59
593,Parabel,RU,17.27,90,8,5.59,58.71,81.5
594,Rorvik,NO,33.8,100,75,8.05,64.86,11.24
595,Mushie,CD,75.23,99,48,2.91,-3.02,16.92
596,Novobelokatay,RU,14.57,60,0,4.36,55.7,58.96
597,Usogorsk,RU,30.77,81,88,11.86,63.43,48.71
598,Camacha,PT,64.4,77,20,12.75,33.08,-16.33
599,Pelaya,CO,81.26,88,32,3.69,8.69,-73.67
600,Orda,RU,20.24,65,24,7.83,57.2,56.91
601,Buchanan,LR,82.4,83,75,5.82,5.88,-10.05
602,Shubarshi,KZ,30.05,75,0,13.31,48.59,57.19
603,Capaci,IT,57.2,58,0,2.24,38.17,13.24
604,Ulagan,RU,-2.08,75,32,2.13,50.63,87.96
605,Rudsar,IR,53.6,87,75,2.24,37.14,50.29
606,Uige,AO,68.98,95,68,1.79,-7.61,15.06
607,Chake Chake,TZ,80.9,100,88,10.51,-5.25,39.77
608,Akureyri,IS,28.4,63,75,5.82,65.68,-18.09
609,Ciurila,RO,39.2,74,0,5.59,46.65,23.54
610,Aksarka,RU,-2.85,75,20,10.96,66.56,67.8
611,Idanre,NG,75.46,88,48,4.36,7.11,5.11
612,Jacareacanga,BR,87.8,74,20,3.36,-6.22,-57.76
613,Halifax,CA,37.4,44,90,10.29,44.65,-63.58
614,Antsohihy,MG,71.86,100,12,3.02,-14.88,47.99
615,Corner Brook,CA,32,100,75,18.34,48.95,-57.95
616,Ihosy,MG,63.53,93,64,2.68,-22.4,46.13
617,Doka,SD,79.96,34,0,11.74,13.52,35.76
618,Corbelia,BR,77,69,40,9.17,-24.8,-53.31
